[
  {
    "featureType": "landscape.man_made",
    "elementType": "geometry.fill",
    "stylers": [
      { "visibility": "off" }
    ]
  },{
    "featureType": "landscape.man_made",
    "elementType": "geometry.stroke",
    "stylers": [
      { "visibility": "simplified" },
      { "color": "#c33f07" }
    ]
  },{
    "featureType": "landscape",
    "elementType": "geometry.fill",
    "stylers": [
      { "visibility": "on" },
      { "color": "#f36f37" }
    ]
  },{
    "featureType": "poi",
    "stylers": [
      { "visibility": "simplified" }
    ]
  },{
    "elementType": "labels.icon",
    "stylers": [
      { "hue": "#00d4ff" },
      { "saturation": 100 }
    ]
  },{
    "featureType": "road",
    "elementType": "geometry",
    "stylers": [
      { "color": "#ffffff" }
    ]
  },{
    "featureType": "poi.park",
    "elementType": "geometry",
    "stylers": [
      { "color": "#40a8c9" },
      { "visibility": "on" }
    ]
  },{
    "featureType": "water",
    "elementType": "geometry",
    "stylers": [
      { "color": "#004d72" }
    ]
  },{
    "elementType": "labels.text.fill",
    "stylers": [
      { "color": "#40a8c9" },
      { "visibility": "on" }
    ]
  },{
    "elementType": "labels.text.stroke",
    "stylers": [
      { "color": "#ffffff" },
      { "weight": 5.3 }
    ]
  },{
    "featureType": "transit.line",
    "elementType": "geometry.fill",
    "stylers": [
      { "color": "#808080" },
      { "visibility": "off" }
    ]
  },{
    "featureType": "administrative",
    "stylers": [
      { "visibility": "off" }
    ]
  },{
    "featureType": "poi.attraction",
    "stylers": [
      { "visibility": "off" }
    ]
  },{
    "featureType": "poi.business",
    "stylers": [
      { "visibility": "off" }
    ]
  },{
    "featureType": "poi.medical",
    "stylers": [
      { "visibility": "off" }
    ]
  },{
    "featureType": "poi.place_of_worship",
    "stylers": [
      { "visibility": "off" }
    ]
  },{
    "featureType": "poi.school",
    "stylers": [
      { "visibility": "off" }
    ]
  },{
    "featureType": "poi.sports_complex",
    "stylers": [
      { "visibility": "off" }
    ]
  },{
    "featureType": "road.local",
    "stylers": [
      { "visibility": "simplified" }
    ]
  },{
    "featureType": "transit.station.airport",
    "stylers": [
      { "visibility": "off" }
    ]
  },{
    "featureType": "transit.station.bus",
    "stylers": [
      { "visibility": "off" }
    ]
  },{
    "featureType": "transit.station.rail",
    "stylers": [
      { "visibility": "simplified" }
    ]
  },{
    "featureType": "administrative.land_parcel",
    "stylers": [
      { "visibility": "off" }
    ]
  }
]