<?xml version="1.0" encoding="UTF-8"?>
<forms version="1.8.6">
	<form labelPlacement="top_label" useCurrentUserAsAuthor="1">
		<title><![CDATA[Contact Us]]></title>
		<descriptionPlacement><![CDATA[above]]></descriptionPlacement>
		<button type="text">
			<text><![CDATA[Submit]]></text>
		</button>
		<fields>
			<field id="1" type="name" isRequired="1" size="medium" nameFormat="simple">
				<label><![CDATA[Name]]></label>
			</field>
			<field id="2" type="email" isRequired="1" size="medium">
				<label><![CDATA[Email]]></label>
			</field>
			<field id="3" type="phone" size="medium" phoneFormat="standard">
				<label><![CDATA[Phone]]></label>
			</field>
			<field id="4" type="textarea" size="medium">
				<label><![CDATA[How Can We Help?]]></label>
			</field>
		</fields>
		<enableHoneypot><![CDATA[1]]></enableHoneypot>
		<confirmations>
			<confirmation id="528297849cdcb" isDefault="1" type="message">
				<name><![CDATA[Default Confirmation]]></name>
				<message><![CDATA[Thanks for contacting us! We will get in touch with you shortly.]]></message>
			</confirmation>
		</confirmations>
		<notifications>
			<notification id="52829784981ae">
				<to><![CDATA[info@tekserve.com]]></to>
				<name><![CDATA[Forward to Info]]></name>
				<event><![CDATA[form_submission]]></event>
				<toType><![CDATA[email]]></toType>
				<subject><![CDATA[New submission from {form_title} form. Please help!]]></subject>
				<message><![CDATA[{all_fields}]]></message>
				<from><![CDATA[{Email:2}]]></from>
				<fromName><![CDATA[{Name:1}]]></fromName>
				<replyTo><![CDATA[{Email:2}]]></replyTo>
			</notification>
		</notifications>
	</form>
</forms>