<?xml version="1.0" encoding="UTF-8" ?>
<!-- This is a WordPress eXtended RSS file generated by WordPress as an export of your site. -->
<!-- It contains information about your site's posts, pages, comments, categories, and other content. -->
<!-- You may use this file to transfer that content from one site to another. -->
<!-- This file is not intended to serve as a complete backup of your site. -->

<!-- To import this information into a WordPress site follow these steps: -->
<!-- 1. Log in to that site as an administrator. -->
<!-- 2. Go to Tools: Import in the WordPress admin panel. -->
<!-- 3. Install the "WordPress" importer from the list. -->
<!-- 4. Activate & Run Importer. -->
<!-- 5. Upload this file using the form provided on that page. -->
<!-- 6. You will first be asked to map the authors in this export file to users -->
<!--    on the site. For each author, you may choose to map to an -->
<!--    existing user on the site or to create a new user. -->
<!-- 7. WordPress will then import each of the posts, pages, comments, categories, etc. -->
<!--    contained in this file into your site. -->

<!-- generator="WordPress/3.9" created="2014-04-28 22:07" -->
<rss version="2.0"
	xmlns:excerpt="http://wordpress.org/export/1.2/excerpt/"
	xmlns:content="http://purl.org/rss/1.0/modules/content/"
	xmlns:wfw="http://wellformedweb.org/CommentAPI/"
	xmlns:dc="http://purl.org/dc/elements/1.1/"
	xmlns:wp="http://wordpress.org/export/1.2/"
>

<channel>
	<title>Tekserve&#039;s Blog</title>
	<link>http://blog.tekserve.com</link>
	<description>NYC Apple Specialist</description>
	<pubDate>Mon, 28 Apr 2014 22:07:38 +0000</pubDate>
	<language>en-US</language>
	<wp:wxr_version>1.2</wp:wxr_version>
	<wp:base_site_url>http://blog.tekserve.com</wp:base_site_url>
	<wp:base_blog_url>http://blog.tekserve.com</wp:base_blog_url>

	<wp:author><wp:author_id>12</wp:author_id><wp:author_login>chadc</wp:author_login><wp:author_email>chadc@tekserve.com</wp:author_email><wp:author_display_name><![CDATA[Chad A. Carino]]></wp:author_display_name><wp:author_first_name><![CDATA[Chad]]></wp:author_first_name><wp:author_last_name><![CDATA[Carino]]></wp:author_last_name></wp:author>

	<generator>http://wordpress.org/?v=3.9</generator>

	<item>
				<title>TekButton</title>
		<link>http://blog.tekserve.com/?shortcodepro=tekbutton</link>
		<pubDate>Mon, 14 Oct 2013 21:34:25 +0000</pubDate>
		<dc:creator><![CDATA[chadc]]></dc:creator>
		<guid isPermaLink="false">http://tekserveblog.wpengine.com/?post_type=shortcodepro&#038;p=5471</guid>
		<description></description>
		<content:encoded><![CDATA[]]></content:encoded>
		<excerpt:encoded><![CDATA[]]></excerpt:encoded>
		<wp:post_id>5471</wp:post_id>
		<wp:post_date>2013-10-14 21:34:25</wp:post_date>
		<wp:post_date_gmt>2013-10-14 21:34:25</wp:post_date_gmt>
		<wp:comment_status>closed</wp:comment_status>
		<wp:ping_status>closed</wp:ping_status>
		<wp:post_name>tekbutton</wp:post_name>
		<wp:status>publish</wp:status>
		<wp:post_parent>0</wp:post_parent>
		<wp:menu_order>0</wp:menu_order>
		<wp:post_type>shortcodepro</wp:post_type>
		<wp:post_password></wp:post_password>
		<wp:is_sticky>0</wp:is_sticky>
		<wp:postmeta>
			<wp:meta_key>_thumbnail_id</wp:meta_key>
			<wp:meta_value><![CDATA[5472]]></wp:meta_value>
		</wp:postmeta>
		<wp:postmeta>
			<wp:meta_key>_edit_last</wp:meta_key>
			<wp:meta_value><![CDATA[12]]></wp:meta_value>
		</wp:postmeta>
		<wp:postmeta>
			<wp:meta_key>post_title</wp:meta_key>
			<wp:meta_value><![CDATA[TekButton]]></wp:meta_value>
		</wp:postmeta>
		<wp:postmeta>
			<wp:meta_key>type</wp:meta_key>
			<wp:meta_value><![CDATA[insert-custom-code]]></wp:meta_value>
		</wp:postmeta>
		<wp:postmeta>
			<wp:meta_key>attributes</wp:meta_key>
			<wp:meta_value><![CDATA[on]]></wp:meta_value>
		</wp:postmeta>
		<wp:postmeta>
			<wp:meta_key>language</wp:meta_key>
			<wp:meta_value><![CDATA[html]]></wp:meta_value>
		</wp:postmeta>
		<wp:postmeta>
			<wp:meta_key>insert-html</wp:meta_key>
			<wp:meta_value><![CDATA[<span class="button">%%content%%</span>]]></wp:meta_value>
		</wp:postmeta>
		<wp:postmeta>
			<wp:meta_key>insert-php</wp:meta_key>
			<wp:meta_value><![CDATA[return]]></wp:meta_value>
		</wp:postmeta>
		<wp:postmeta>
			<wp:meta_key>button</wp:meta_key>
			<wp:meta_value><![CDATA[on]]></wp:meta_value>
		</wp:postmeta>
		<wp:postmeta>
			<wp:meta_key>prevent</wp:meta_key>
			<wp:meta_value><![CDATA[on]]></wp:meta_value>
		</wp:postmeta>
		<wp:postmeta>
			<wp:meta_key>row</wp:meta_key>
			<wp:meta_value><![CDATA[row-1]]></wp:meta_value>
		</wp:postmeta>
		<wp:postmeta>
			<wp:meta_key>desc</wp:meta_key>
			<wp:meta_value><![CDATA[Turns the selected text into a TekButton]]></wp:meta_value>
		</wp:postmeta>
		<wp:postmeta>
			<wp:meta_key>width</wp:meta_key>
			<wp:meta_value><![CDATA[490]]></wp:meta_value>
		</wp:postmeta>
		<wp:postmeta>
			<wp:meta_key>height</wp:meta_key>
			<wp:meta_value><![CDATA[300]]></wp:meta_value>
		</wp:postmeta>
		<wp:postmeta>
			<wp:meta_key>sep_after</wp:meta_key>
			<wp:meta_value><![CDATA[no]]></wp:meta_value>
		</wp:postmeta>
	</item>
	<item>
				<title>Drawer Trigger</title>
		<link>http://blog.tekserve.com/?shortcodepro=drawer-trigger</link>
		<pubDate>Sat, 26 Oct 2013 21:52:17 +0000</pubDate>
		<dc:creator><![CDATA[chadc]]></dc:creator>
		<guid isPermaLink="false">http://tekserveblog.wpengine.com/?post_type=shortcodepro&#038;p=5883</guid>
		<description></description>
		<content:encoded><![CDATA[]]></content:encoded>
		<excerpt:encoded><![CDATA[]]></excerpt:encoded>
		<wp:post_id>5883</wp:post_id>
		<wp:post_date>2013-10-26 21:52:17</wp:post_date>
		<wp:post_date_gmt>2013-10-26 21:52:17</wp:post_date_gmt>
		<wp:comment_status>closed</wp:comment_status>
		<wp:ping_status>closed</wp:ping_status>
		<wp:post_name>drawer-trigger</wp:post_name>
		<wp:status>publish</wp:status>
		<wp:post_parent>0</wp:post_parent>
		<wp:menu_order>1</wp:menu_order>
		<wp:post_type>shortcodepro</wp:post_type>
		<wp:post_password></wp:post_password>
		<wp:is_sticky>0</wp:is_sticky>
		<wp:postmeta>
			<wp:meta_key>_thumbnail_id</wp:meta_key>
			<wp:meta_value><![CDATA[5453]]></wp:meta_value>
		</wp:postmeta>
		<wp:postmeta>
			<wp:meta_key>_edit_last</wp:meta_key>
			<wp:meta_value><![CDATA[12]]></wp:meta_value>
		</wp:postmeta>
		<wp:postmeta>
			<wp:meta_key>att_order_drawerid</wp:meta_key>
			<wp:meta_value><![CDATA[1]]></wp:meta_value>
		</wp:postmeta>
		<wp:postmeta>
			<wp:meta_key>att_slug_drawerid</wp:meta_key>
			<wp:meta_value><![CDATA[drawerid]]></wp:meta_value>
		</wp:postmeta>
		<wp:postmeta>
			<wp:meta_key>att_label_drawerid</wp:meta_key>
			<wp:meta_value><![CDATA[Drawer ID]]></wp:meta_value>
		</wp:postmeta>
		<wp:postmeta>
			<wp:meta_key>att_desc_drawerid</wp:meta_key>
			<wp:meta_value><![CDATA[Enter the unique ID of the drawer that this element triggers.]]></wp:meta_value>
		</wp:postmeta>
		<wp:postmeta>
			<wp:meta_key>att_type_drawerid</wp:meta_key>
			<wp:meta_value><![CDATA[text]]></wp:meta_value>
		</wp:postmeta>
		<wp:postmeta>
			<wp:meta_key>att_value_drawerid</wp:meta_key>
			<wp:meta_value><![CDATA[drawer-id]]></wp:meta_value>
		</wp:postmeta>
		<wp:postmeta>
			<wp:meta_key>att_order_title</wp:meta_key>
			<wp:meta_value><![CDATA[2]]></wp:meta_value>
		</wp:postmeta>
		<wp:postmeta>
			<wp:meta_key>att_slug_title</wp:meta_key>
			<wp:meta_value><![CDATA[title]]></wp:meta_value>
		</wp:postmeta>
		<wp:postmeta>
			<wp:meta_key>att_label_title</wp:meta_key>
			<wp:meta_value><![CDATA[Drawer Trigger Title]]></wp:meta_value>
		</wp:postmeta>
		<wp:postmeta>
			<wp:meta_key>att_desc_title</wp:meta_key>
			<wp:meta_value><![CDATA[Enter the text shown for this drawer trigger.]]></wp:meta_value>
		</wp:postmeta>
		<wp:postmeta>
			<wp:meta_key>att_type_title</wp:meta_key>
			<wp:meta_value><![CDATA[text]]></wp:meta_value>
		</wp:postmeta>
		<wp:postmeta>
			<wp:meta_key>att_value_title</wp:meta_key>
			<wp:meta_value><![CDATA[Click Here]]></wp:meta_value>
		</wp:postmeta>
		<wp:postmeta>
			<wp:meta_key>att_order_swaptitle</wp:meta_key>
			<wp:meta_value><![CDATA[3]]></wp:meta_value>
		</wp:postmeta>
		<wp:postmeta>
			<wp:meta_key>att_slug_swaptitle</wp:meta_key>
			<wp:meta_value><![CDATA[swaptitle]]></wp:meta_value>
		</wp:postmeta>
		<wp:postmeta>
			<wp:meta_key>att_label_swaptitle</wp:meta_key>
			<wp:meta_value><![CDATA[Active Title]]></wp:meta_value>
		</wp:postmeta>
		<wp:postmeta>
			<wp:meta_key>att_desc_swaptitle</wp:meta_key>
			<wp:meta_value><![CDATA[Optional- enter the text that appears when the drawer is open.]]></wp:meta_value>
		</wp:postmeta>
		<wp:postmeta>
			<wp:meta_key>att_type_swaptitle</wp:meta_key>
			<wp:meta_value><![CDATA[text]]></wp:meta_value>
		</wp:postmeta>
		<wp:postmeta>
			<wp:meta_key>att_value_swaptitle</wp:meta_key>
			<wp:meta_value><![CDATA[Click Here to Hide]]></wp:meta_value>
		</wp:postmeta>
		<wp:postmeta>
			<wp:meta_key>attrvals</wp:meta_key>
			<wp:meta_value><![CDATA[|%drawerid%|%title%|%swaptitle%|%group%]]></wp:meta_value>
		</wp:postmeta>
		<wp:postmeta>
			<wp:meta_key>totalattr</wp:meta_key>
			<wp:meta_value><![CDATA[4]]></wp:meta_value>
		</wp:postmeta>
		<wp:postmeta>
			<wp:meta_key>lastattr</wp:meta_key>
			<wp:meta_value><![CDATA[4]]></wp:meta_value>
		</wp:postmeta>
		<wp:postmeta>
			<wp:meta_key>post_title</wp:meta_key>
			<wp:meta_value><![CDATA[Drawer Trigger]]></wp:meta_value>
		</wp:postmeta>
		<wp:postmeta>
			<wp:meta_key>type</wp:meta_key>
			<wp:meta_value><![CDATA[insert-custom-code]]></wp:meta_value>
		</wp:postmeta>
		<wp:postmeta>
			<wp:meta_key>attributes</wp:meta_key>
			<wp:meta_value><![CDATA[on]]></wp:meta_value>
		</wp:postmeta>
		<wp:postmeta>
			<wp:meta_key>language</wp:meta_key>
			<wp:meta_value><![CDATA[html]]></wp:meta_value>
		</wp:postmeta>
		<wp:postmeta>
			<wp:meta_key>insert-html</wp:meta_key>
			<wp:meta_value><![CDATA[<div>

<div id="extra1-%%drawerid%%" class="collapseomatic colomat-visited drawertrigger" rel="%%group%%-highlander" title="%%title%%" name="%%drawerid%%">%%title%%</div>

<div id="swap-%%drawerid%%" alt style="display:none;">%%swaptitle%%</div>

</div>]]></wp:meta_value>
		</wp:postmeta>
		<wp:postmeta>
			<wp:meta_key>insert-php</wp:meta_key>
			<wp:meta_value><![CDATA[return]]></wp:meta_value>
		</wp:postmeta>
		<wp:postmeta>
			<wp:meta_key>button</wp:meta_key>
			<wp:meta_value><![CDATA[on]]></wp:meta_value>
		</wp:postmeta>
		<wp:postmeta>
			<wp:meta_key>row</wp:meta_key>
			<wp:meta_value><![CDATA[row-1]]></wp:meta_value>
		</wp:postmeta>
		<wp:postmeta>
			<wp:meta_key>desc</wp:meta_key>
			<wp:meta_value><![CDATA[Drawer Trigger]]></wp:meta_value>
		</wp:postmeta>
		<wp:postmeta>
			<wp:meta_key>desclong</wp:meta_key>
			<wp:meta_value><![CDATA[Text in the body copy that, when clicked, opens a drawer. Drawer must be created before this will work, and you'll need to know the Unique ID of the drawer.]]></wp:meta_value>
		</wp:postmeta>
		<wp:postmeta>
			<wp:meta_key>width</wp:meta_key>
			<wp:meta_value><![CDATA[490]]></wp:meta_value>
		</wp:postmeta>
		<wp:postmeta>
			<wp:meta_key>height</wp:meta_key>
			<wp:meta_value><![CDATA[550]]></wp:meta_value>
		</wp:postmeta>
		<wp:postmeta>
			<wp:meta_key>sep_after</wp:meta_key>
			<wp:meta_value><![CDATA[no]]></wp:meta_value>
		</wp:postmeta>
		<wp:postmeta>
			<wp:meta_key>att_order_group</wp:meta_key>
			<wp:meta_value><![CDATA[4]]></wp:meta_value>
		</wp:postmeta>
		<wp:postmeta>
			<wp:meta_key>att_slug_group</wp:meta_key>
			<wp:meta_value><![CDATA[group]]></wp:meta_value>
		</wp:postmeta>
		<wp:postmeta>
			<wp:meta_key>att_label_group</wp:meta_key>
			<wp:meta_value><![CDATA[Group]]></wp:meta_value>
		</wp:postmeta>
		<wp:postmeta>
			<wp:meta_key>att_desc_group</wp:meta_key>
			<wp:meta_value><![CDATA[Optional; Drawers with the same group will close other members of group when opened. Only one member of a group will expand at a time.]]></wp:meta_value>
		</wp:postmeta>
		<wp:postmeta>
			<wp:meta_key>att_type_group</wp:meta_key>
			<wp:meta_value><![CDATA[text]]></wp:meta_value>
		</wp:postmeta>
		<wp:postmeta>
			<wp:meta_key>att_value_group</wp:meta_key>
			<wp:meta_value><![CDATA[group]]></wp:meta_value>
		</wp:postmeta>
	</item>
	<item>
				<title>invisible-line</title>
		<link>http://blog.tekserve.com/?shortcodepro=invisible-line</link>
		<pubDate>Mon, 11 Nov 2013 16:25:10 +0000</pubDate>
		<dc:creator><![CDATA[chadc]]></dc:creator>
		<guid isPermaLink="false">http://tekserveblog.wpengine.com/?post_type=shortcodepro&#038;p=6298</guid>
		<description></description>
		<content:encoded><![CDATA[]]></content:encoded>
		<excerpt:encoded><![CDATA[]]></excerpt:encoded>
		<wp:post_id>6298</wp:post_id>
		<wp:post_date>2013-11-11 11:25:10</wp:post_date>
		<wp:post_date_gmt>2013-11-11 16:25:10</wp:post_date_gmt>
		<wp:comment_status>closed</wp:comment_status>
		<wp:ping_status>closed</wp:ping_status>
		<wp:post_name>invisible-line</wp:post_name>
		<wp:status>publish</wp:status>
		<wp:post_parent>0</wp:post_parent>
		<wp:menu_order>0</wp:menu_order>
		<wp:post_type>shortcodepro</wp:post_type>
		<wp:post_password></wp:post_password>
		<wp:is_sticky>0</wp:is_sticky>
		<wp:postmeta>
			<wp:meta_key>_edit_last</wp:meta_key>
			<wp:meta_value><![CDATA[12]]></wp:meta_value>
		</wp:postmeta>
		<wp:postmeta>
			<wp:meta_key>post_title</wp:meta_key>
			<wp:meta_value><![CDATA[invisible-line]]></wp:meta_value>
		</wp:postmeta>
		<wp:postmeta>
			<wp:meta_key>type</wp:meta_key>
			<wp:meta_value><![CDATA[insert-custom-code]]></wp:meta_value>
		</wp:postmeta>
		<wp:postmeta>
			<wp:meta_key>language</wp:meta_key>
			<wp:meta_value><![CDATA[html]]></wp:meta_value>
		</wp:postmeta>
		<wp:postmeta>
			<wp:meta_key>insert-html</wp:meta_key>
			<wp:meta_value><![CDATA[<hr style="visibility: hidden; clear: both;" /><br/>]]></wp:meta_value>
		</wp:postmeta>
		<wp:postmeta>
			<wp:meta_key>insert-php</wp:meta_key>
			<wp:meta_value><![CDATA[return]]></wp:meta_value>
		</wp:postmeta>
		<wp:postmeta>
			<wp:meta_key>button</wp:meta_key>
			<wp:meta_value><![CDATA[on]]></wp:meta_value>
		</wp:postmeta>
		<wp:postmeta>
			<wp:meta_key>row</wp:meta_key>
			<wp:meta_value><![CDATA[row-1]]></wp:meta_value>
		</wp:postmeta>
		<wp:postmeta>
			<wp:meta_key>desc</wp:meta_key>
			<wp:meta_value><![CDATA[Invisible Line makes an invisible horizontal line that forces text and other content to stay below it. Use to force a new line after images.]]></wp:meta_value>
		</wp:postmeta>
		<wp:postmeta>
			<wp:meta_key>width</wp:meta_key>
			<wp:meta_value><![CDATA[490]]></wp:meta_value>
		</wp:postmeta>
		<wp:postmeta>
			<wp:meta_key>height</wp:meta_key>
			<wp:meta_value><![CDATA[300]]></wp:meta_value>
		</wp:postmeta>
		<wp:postmeta>
			<wp:meta_key>_thumbnail_id</wp:meta_key>
			<wp:meta_value><![CDATA[6299]]></wp:meta_value>
		</wp:postmeta>
	</item>
	<item>
				<title>Map Trigger</title>
		<link>http://blog.tekserve.com/?shortcodepro=map-trigger</link>
		<pubDate>Mon, 09 Dec 2013 19:11:21 +0000</pubDate>
		<dc:creator><![CDATA[chadc]]></dc:creator>
		<guid isPermaLink="false">http://blog.tekserve.com/?post_type=shortcodepro&#038;p=6388</guid>
		<description></description>
		<content:encoded><![CDATA[]]></content:encoded>
		<excerpt:encoded><![CDATA[]]></excerpt:encoded>
		<wp:post_id>6388</wp:post_id>
		<wp:post_date>2013-12-09 14:11:21</wp:post_date>
		<wp:post_date_gmt>2013-12-09 19:11:21</wp:post_date_gmt>
		<wp:comment_status>closed</wp:comment_status>
		<wp:ping_status>closed</wp:ping_status>
		<wp:post_name>map-trigger</wp:post_name>
		<wp:status>publish</wp:status>
		<wp:post_parent>0</wp:post_parent>
		<wp:menu_order>0</wp:menu_order>
		<wp:post_type>shortcodepro</wp:post_type>
		<wp:post_password></wp:post_password>
		<wp:is_sticky>0</wp:is_sticky>
		<wp:postmeta>
			<wp:meta_key>_edit_last</wp:meta_key>
			<wp:meta_value><![CDATA[12]]></wp:meta_value>
		</wp:postmeta>
		<wp:postmeta>
			<wp:meta_key>post_title</wp:meta_key>
			<wp:meta_value><![CDATA[Map Trigger]]></wp:meta_value>
		</wp:postmeta>
		<wp:postmeta>
			<wp:meta_key>type</wp:meta_key>
			<wp:meta_value><![CDATA[insert-custom-code]]></wp:meta_value>
		</wp:postmeta>
		<wp:postmeta>
			<wp:meta_key>language</wp:meta_key>
			<wp:meta_value><![CDATA[html]]></wp:meta_value>
		</wp:postmeta>
		<wp:postmeta>
			<wp:meta_key>insert-html</wp:meta_key>
			<wp:meta_value><![CDATA[<div class="collapseomatic colomat-visited drawertrigger" id="trigger-get-directions" rel="%%group%%-highlander" title="%%title%%" onclick="getToTekserveLoadScript();">%%title%%</div>

<script type="text/javascript">

jQuery('document').ready(function() { 

 jQuery('#trigger-get-directions').click(function() {

  jQuery('#get-to-tekserve').slideToggle();   

 }); 

});

</script>]]></wp:meta_value>
		</wp:postmeta>
		<wp:postmeta>
			<wp:meta_key>insert-php</wp:meta_key>
			<wp:meta_value><![CDATA[return]]></wp:meta_value>
		</wp:postmeta>
		<wp:postmeta>
			<wp:meta_key>button</wp:meta_key>
			<wp:meta_value><![CDATA[on]]></wp:meta_value>
		</wp:postmeta>
		<wp:postmeta>
			<wp:meta_key>row</wp:meta_key>
			<wp:meta_value><![CDATA[row-1]]></wp:meta_value>
		</wp:postmeta>
		<wp:postmeta>
			<wp:meta_key>desc</wp:meta_key>
			<wp:meta_value><![CDATA[Trigger for Directions Drawer]]></wp:meta_value>
		</wp:postmeta>
		<wp:postmeta>
			<wp:meta_key>width</wp:meta_key>
			<wp:meta_value><![CDATA[490]]></wp:meta_value>
		</wp:postmeta>
		<wp:postmeta>
			<wp:meta_key>height</wp:meta_key>
			<wp:meta_value><![CDATA[400]]></wp:meta_value>
		</wp:postmeta>
		<wp:postmeta>
			<wp:meta_key>_thumbnail_id</wp:meta_key>
			<wp:meta_value><![CDATA[6389]]></wp:meta_value>
		</wp:postmeta>
		<wp:postmeta>
			<wp:meta_key>att_order_group</wp:meta_key>
			<wp:meta_value><![CDATA[1]]></wp:meta_value>
		</wp:postmeta>
		<wp:postmeta>
			<wp:meta_key>att_slug_group</wp:meta_key>
			<wp:meta_value><![CDATA[group]]></wp:meta_value>
		</wp:postmeta>
		<wp:postmeta>
			<wp:meta_key>att_label_group</wp:meta_key>
			<wp:meta_value><![CDATA[Group]]></wp:meta_value>
		</wp:postmeta>
		<wp:postmeta>
			<wp:meta_key>att_type_group</wp:meta_key>
			<wp:meta_value><![CDATA[text]]></wp:meta_value>
		</wp:postmeta>
		<wp:postmeta>
			<wp:meta_key>att_value_group</wp:meta_key>
			<wp:meta_value><![CDATA[group]]></wp:meta_value>
		</wp:postmeta>
		<wp:postmeta>
			<wp:meta_key>att_order_title</wp:meta_key>
			<wp:meta_value><![CDATA[2]]></wp:meta_value>
		</wp:postmeta>
		<wp:postmeta>
			<wp:meta_key>att_slug_title</wp:meta_key>
			<wp:meta_value><![CDATA[title]]></wp:meta_value>
		</wp:postmeta>
		<wp:postmeta>
			<wp:meta_key>att_label_title</wp:meta_key>
			<wp:meta_value><![CDATA[Title]]></wp:meta_value>
		</wp:postmeta>
		<wp:postmeta>
			<wp:meta_key>att_type_title</wp:meta_key>
			<wp:meta_value><![CDATA[text]]></wp:meta_value>
		</wp:postmeta>
		<wp:postmeta>
			<wp:meta_key>att_value_title</wp:meta_key>
			<wp:meta_value><![CDATA[Get Directions]]></wp:meta_value>
		</wp:postmeta>
		<wp:postmeta>
			<wp:meta_key>attrvals</wp:meta_key>
			<wp:meta_value><![CDATA[|%group%|%title%]]></wp:meta_value>
		</wp:postmeta>
		<wp:postmeta>
			<wp:meta_key>totalattr</wp:meta_key>
			<wp:meta_value><![CDATA[2]]></wp:meta_value>
		</wp:postmeta>
		<wp:postmeta>
			<wp:meta_key>lastattr</wp:meta_key>
			<wp:meta_value><![CDATA[2]]></wp:meta_value>
		</wp:postmeta>
		<wp:postmeta>
			<wp:meta_key>attributes</wp:meta_key>
			<wp:meta_value><![CDATA[on]]></wp:meta_value>
		</wp:postmeta>
	</item>
</channel>
</rss>
